Rk,Player,Season,Pos,Tm,G,MP,FG,FGA,FG%,3P,3PA,3P%,2P,2PA,2P%,eFG%,FT,FTA,FT%,ORB,DRB,TRB,AST,STL,BLK,TOV,PF,PTS,PER,TS%,3PAr,FTr,ORB%,DRB%,TRB%,AST%,STL%,BLK%,TOV%,USG%,OWS,DWS,WS,WS/48,OBPM,DBPM,BPM,VORP,Balance,all_nba
1,Precious Achiuwa,2023,PF-C,TOT,74,1624,235,469,0.501,26,97,0.268,209,372,0.562,0.529,69,112,0.616,191,296,487,97,46,68,83,143,565,14.6,0.545,0.207,0.239,13.0,20.5,16.7,8.4,1.4,3.9,13.8,15.9,1.2,2.2,3.4,0.102,-1.7,0.3,-1.4,0.2,,0.0
2,Bam Adebayo,2023,C,MIA,71,2416,530,1017,0.521,15,42,0.357,515,975,0.528,0.529,292,387,0.755,159,578,737,278,81,66,162,159,1367,19.8,0.576,0.041,0.381,7.4,27.3,17.3,18.9,1.7,2.7,12.0,24.9,2.9,4.3,7.2,0.144,0.8,1.7,2.4,2.7,0.5609756097560976,0.0
3,Ochai Agbaji,2023,SG,TOT,78,1641,178,433,0.411,62,211,0.294,116,222,0.523,0.483,37,56,0.661,74,142,216,83,47,44,64,117,455,7.7,0.497,0.487,0.129,4.9,9.6,7.2,6.6,1.4,2.4,12.3,13.4,-0.5,0.6,0.1,0.002,-3.5,-0.9,-4.4,-1.0,,0.0
5,Nickeil Alexander-Walker,2023,SG,MIN,82,1921,236,538,0.439,131,335,0.391,105,203,0.517,0.56,52,65,0.8,35,132,167,204,64,42,76,143,655,10.9,0.578,0.623,0.121,2.2,7.5,4.9,14.5,1.6,1.9,11.8,14.8,1.5,2.8,4.3,0.107,-1.1,1.3,0.2,1.1,0.6829268292682927,0.0
6,Grayson Allen,2023,SG,PHO,75,2513,340,682,0.499,205,445,0.461,135,237,0.57,0.649,129,147,0.878,48,247,295,227,69,45,95,157,1014,13.8,0.679,0.652,0.216,2.3,10.6,6.6,12.1,1.3,1.6,11.3,14.5,4.7,2.2,6.9,0.132,1.1,0.1,1.3,2.0,,0.0
7,Jarrett Allen,2023,C,CLE,77,2442,519,819,0.634,0,6,0.0,519,813,0.638,0.634,233,314,0.742,243,568,811,210,53,81,121,147,1271,21.8,0.664,0.007,0.383,11.3,25.8,18.7,13.2,1.1,3.0,11.2,19.4,6.8,3.9,10.7,0.21,2.1,0.9,3.0,3.1,0.5853658536585366,0.0
10,Kyle Anderson,2023,PF,MIN,79,1782,199,433,0.46,11,48,0.229,188,385,0.488,0.472,97,137,0.708,60,213,273,331,71,47,91,128,506,12.7,0.513,0.111,0.316,4.0,13.0,8.7,25.0,2.0,2.3,15.6,14.5,1.4,3.1,4.5,0.121,-1.6,2.7,1.1,1.4,0.6829268292682927,0.0
11,Giannis Antetokounmpo,2023,PF,MIL,73,2567,837,1369,0.611,34,124,0.274,803,1245,0.645,0.624,514,782,0.657,196,645,841,476,87,79,250,210,2222,29.9,0.649,0.091,0.571,8.6,27.0,17.9,32.7,1.6,2.6,12.7,33.0,9.5,3.7,13.2,0.246,6.7,2.4,9.0,7.2,0.5975609756097561,1.0
13,Cole Anthony,2023,PG,ORL,81,1817,332,763,0.435,93,275,0.338,239,488,0.49,0.496,180,218,0.826,64,247,311,236,64,37,126,175,937,14.6,0.545,0.36,0.286,4.1,16.1,10.1,19.8,1.7,1.9,12.8,23.7,0.9,2.7,3.6,0.096,-0.6,0.7,0.1,1.0,0.573170731707317,0.0
16,Deni Avdija,2023,SF,WAS,75,2257,406,803,0.506,88,235,0.374,318,568,0.56,0.56,202,273,0.74,84,456,540,286,60,36,160,185,1102,14.9,0.597,0.293,0.34,3.9,22.1,12.8,17.8,1.2,1.3,14.8,20.2,1.7,1.5,3.2,0.068,-0.7,-0.2,-0.9,0.6,0.1829268292682926,0.0
25,Paolo Banchero,2023,PF,ORL,80,2799,640,1407,0.455,119,351,0.339,521,1056,0.493,0.497,405,559,0.725,82,472,554,431,71,47,247,153,1804,17.3,0.546,0.249,0.397,3.4,20.0,11.6,25.2,1.3,1.6,13.0,29.7,1.3,4.0,5.3,0.09,1.3,0.0,1.3,2.3,0.573170731707317,0.0
29,Harrison Barnes,2023,PF,SAC,82,2381,347,732,0.474,149,385,0.387,198,347,0.571,0.576,157,196,0.801,67,182,249,99,54,12,58,98,1000,11.9,0.611,0.526,0.268,3.1,8.8,5.9,5.6,1.1,0.5,6.6,15.7,3.1,1.5,4.7,0.094,-0.6,-1.2,-1.8,0.1,0.5609756097560976,0.0
38,Malik Beasley,2023,SG,MIL,79,2337,320,722,0.443,224,542,0.413,96,180,0.533,0.598,25,35,0.714,41,249,290,108,59,9,54,158,889,10.3,0.603,0.751,0.048,2.0,11.4,6.8,6.1,1.2,0.3,6.8,14.6,1.9,1.6,3.5,0.073,-1.0,-0.8,-1.8,0.1,0.5975609756097561,0.0
42,Patrick Beverley,2023,PG,TOT,73,1462,158,379,0.417,61,181,0.337,97,198,0.49,0.497,74,90,0.822,49,190,239,212,43,31,65,128,451,11.6,0.539,0.478,0.237,3.7,14.3,9.0,19.0,1.4,1.9,13.4,14.3,1.2,1.5,2.7,0.09,-1.5,0.5,-1.1,0.3,,0.0
47,Anthony Black,2023,PG,ORL,69,1164,115,247,0.466,37,94,0.394,78,153,0.51,0.54,49,80,0.613,33,106,139,91,35,21,56,110,316,8.4,0.56,0.381,0.324,3.3,10.8,7.0,10.6,1.5,1.7,16.6,12.7,0.1,1.5,1.6,0.067,-3.8,0.8,-3.0,-0.3,0.573170731707317,0.0
50,Bogdan Bogdanović,2023,SG,ATL,79,2401,471,1100,0.428,240,641,0.374,231,459,0.503,0.537,151,164,0.921,53,219,272,247,96,26,112,179,1333,14.7,0.569,0.583,0.149,2.3,10.3,6.2,14.9,1.9,1.0,8.7,22.3,2.8,1.2,3.9,0.079,0.9,-0.7,0.2,1.4,0.4390243902439024,0.0
54,Devin Booker,2023,PG,PHO,68,2447,642,1305,0.492,152,418,0.364,490,887,0.552,0.55,405,457,0.886,56,252,308,472,61,28,178,206,1841,21.9,0.611,0.32,0.35,2.7,11.1,7.1,31.2,1.2,1.0,10.6,29.8,7.2,2.0,9.2,0.181,4.0,-1.0,3.0,3.1,,3.0
59,Malaki Branham,2023,PG,SAS,75,1594,271,628,0.432,93,268,0.347,178,360,0.494,0.506,55,63,0.873,28,120,148,156,27,8,91,94,690,8.7,0.526,0.427,0.1,1.9,8.2,5.0,14.0,0.8,0.4,12.2,19.8,-0.9,0.6,-0.3,-0.008,-3.4,-2.2,-5.6,-1.5,0.2682926829268293,0.0
60,Christian Braun,2023,SG,DEN,82,1655,222,483,0.46,63,164,0.384,159,319,0.498,0.525,93,134,0.694,79,227,306,132,42,35,55,137,600,12.1,0.554,0.34,0.277,5.4,14.8,10.2,10.2,1.3,1.8,9.2,15.7,1.5,2.0,3.4,0.1,-1.7,-0.2,-1.9,0.0,0.6951219512195121,0.0
61,Mikal Bridges,2023,SF,BRK,82,2854,564,1294,0.436,220,592,0.372,344,702,0.49,0.521,258,317,0.814,68,304,372,299,81,30,164,116,1606,14.9,0.56,0.457,0.245,2.5,12.0,7.1,16.3,1.4,0.9,10.3,24.3,2.1,2.1,4.2,0.07,0.7,-1.0,-0.4,1.2,,0.0
62,Miles Bridges,2023,SF,CHO,69,2581,559,1210,0.462,157,450,0.349,402,760,0.529,0.527,174,211,0.825,71,434,505,231,65,33,138,118,1449,15.4,0.556,0.372,0.174,3.0,19.5,11.0,14.6,1.2,1.2,9.6,24.7,0.7,1.4,2.2,0.04,0.2,-1.3,-1.1,0.6,,0.0
67,Dillon Brooks,2023,SF,HOU,72,2227,329,768,0.428,133,370,0.359,196,398,0.492,0.515,124,147,0.844,53,193,246,119,64,10,88,241,915,9.4,0.549,0.482,0.191,2.5,9.4,5.9,7.5,1.4,0.4,9.6,17.6,0.6,2.1,2.7,0.058,-3.3,-0.3,-3.6,-0.9,0.5,0.0
68,Bruce Brown,2023,PG-SG,TOT,67,1866,278,582,0.478,53,164,0.323,225,418,0.538,0.523,117,142,0.824,53,231,284,192,59,17,86,148,726,11.6,0.563,0.282,0.244,3.1,14.0,8.5,13.2,1.5,0.8,11.8,16.5,1.2,1.0,2.2,0.058,-2.4,-1.0,-3.3,-0.6,,0.0
71,Jaylen Brown,2023,SF,BOS,70,2343,627,1256,0.499,145,410,0.354,482,846,0.57,0.557,211,300,0.703,84,303,387,249,83,37,166,185,1610,18.6,0.58,0.326,0.239,4.0,13.4,8.9,16.6,1.8,1.4,10.7,28.9,2.7,3.2,5.9,0.121,0.9,-0.1,0.7,1.6,0.7804878048780488,0.0
76,Jalen Brunson,2023,PG,NYK,77,2726,790,1648,0.479,211,526,0.401,579,1122,0.516,0.543,421,497,0.847,43,235,278,519,70,13,186,144,2212,23.4,0.592,0.319,0.302,1.8,9.7,5.7,33.5,1.3,0.4,9.1,32.5,8.8,2.4,11.2,0.198,6.3,-0.4,5.8,5.4,0.6097560975609756,2.0
80,Alec Burks,2023,SG,TOT,66,1212,210,569,0.369,124,330,0.376,86,239,0.36,0.478,145,167,0.868,24,126,150,88,28,12,48,75,689,12.9,0.536,0.58,0.293,2.2,11.8,6.9,10.7,1.1,0.9,7.0,24.4,0.7,0.7,1.4,0.054,-0.3,-2.0,-2.3,-0.1,,0.0
84,Kentavious Caldwell-Pope,2023,SG,DEN,76,2402,270,587,0.46,125,308,0.406,145,279,0.52,0.566,101,113,0.894,31,152,183,183,98,42,75,151,766,10.7,0.602,0.525,0.193,1.5,6.8,4.2,9.5,2.0,1.5,10.5,12.9,2.2,2.6,4.8,0.096,-2.1,0.7,-1.4,0.4,0.6951219512195121,0.0
85,Toumani Camara,2023,PF,POR,70,1739,197,438,0.45,58,172,0.337,139,266,0.523,0.516,75,99,0.758,139,204,343,87,66,33,84,174,527,10.6,0.547,0.393,0.226,8.4,14.0,11.0,7.2,1.9,1.7,14.9,13.8,0.6,1.4,2.0,0.055,-3.1,0.0,-3.1,-0.5,0.2560975609756097,0.0
86,Clint Capela,2023,C,ATL,73,1883,353,618,0.571,0,1,0.0,353,617,0.572,0.571,130,206,0.631,335,441,776,91,43,106,74,164,836,20.7,0.59,0.002,0.333,18.7,26.5,22.4,6.9,1.1,5.1,9.5,17.3,4.4,1.9,6.3,0.161,1.0,-1.0,0.1,1.0,0.4390243902439024,0.0
87,Jevon Carter,2023,PG,CHI,72,1004,138,365,0.378,77,234,0.329,61,131,0.466,0.484,4,7,0.571,11,49,60,94,37,16,36,71,357,8.5,0.485,0.641,0.019,1.2,5.6,3.3,12.9,1.8,1.6,8.9,17.7,-0.5,0.7,0.2,0.009,-3.3,-0.7,-4.0,-0.5,0.4756097560975609,0.0
90,Alex Caruso,2023,SG,CHI,71,2040,253,541,0.468,136,333,0.408,117,208,0.563,0.593,73,96,0.76,62,211,273,247,120,70,102,181,715,14.5,0.613,0.616,0.177,3.3,11.8,7.5,16.4,2.9,3.5,14.9,14.7,2.3,2.6,4.9,0.115,0.2,2.3,2.5,2.3,0.4756097560975609,0.0
93,Julian Champagnie,2023,SF,SAS,74,1468,164,402,0.408,101,277,0.365,63,125,0.504,0.534,75,92,0.815,42,164,206,103,48,42,57,77,504,10.6,0.57,0.689,0.229,3.1,12.2,7.6,9.3,1.6,2.4,11.4,14.4,0.6,1.3,1.8,0.059,-1.8,-0.1,-1.9,0.0,0.2682926829268293,0.0
95,Max Christie,2023,SG,LAL,67,944,103,241,0.427,42,118,0.356,61,123,0.496,0.515,36,46,0.783,15,127,142,60,20,17,35,57,284,8.4,0.544,0.49,0.191,1.9,14.2,8.4,8.0,1.0,1.6,11.8,13.6,-0.1,0.8,0.7,0.036,-3.2,-0.4,-3.6,-0.4,0.573170731707317,0.0
99,Nic Claxton,2023,C,BRK,71,2116,366,582,0.629,1,5,0.2,365,577,0.633,0.63,108,196,0.551,193,513,706,147,46,146,93,175,841,18.7,0.629,0.009,0.337,9.7,27.3,18.2,10.4,1.1,6.2,12.2,15.6,3.5,3.2,6.7,0.152,-0.3,1.5,1.2,1.7,,0.0
101,Amir Coffey,2023,SF,LAC,70,1460,166,352,0.472,70,184,0.38,96,168,0.571,0.571,61,71,0.859,29,119,148,76,41,14,33,102,463,10.0,0.604,0.523,0.202,2.3,8.9,5.7,6.8,1.4,0.9,7.9,12.5,1.6,1.0,2.6,0.084,-1.9,-0.3,-2.2,-0.1,0.6219512195121951,0.0
102,John Collins,2023,PF,UTA,68,1901,397,746,0.532,86,232,0.371,311,514,0.605,0.59,147,185,0.795,157,418,575,77,40,61,98,191,1027,17.5,0.621,0.311,0.248,9.2,24.0,16.7,6.1,1.0,2.9,10.6,20.4,3.1,1.3,4.4,0.11,0.5,-1.4,-0.9,0.5,0.3780487804878049,0.0
103,Zach Collins,2023,C,SAS,69,1526,298,616,0.484,58,181,0.32,240,435,0.552,0.531,122,162,0.753,118,252,370,194,34,52,132,206,776,14.3,0.565,0.294,0.263,8.3,18.0,13.1,18.9,1.1,2.8,16.1,22.7,0.4,1.5,1.8,0.057,-2.0,-0.1,-2.0,0.0,0.2682926829268293,0.0
104,Mike Conley,2023,PG,MIN,76,2193,294,644,0.457,179,405,0.442,115,239,0.481,0.595,102,112,0.911,37,181,218,449,88,17,102,128,869,15.8,0.627,0.629,0.174,2.0,9.0,5.6,28.4,2.0,0.7,12.8,16.0,5.0,3.3,8.2,0.18,2.0,1.4,3.4,3.0,0.6829268292682927,0.0
105,Pat Connaughton,2023,SF,MIL,76,1676,151,347,0.435,82,238,0.345,69,109,0.633,0.553,44,58,0.759,51,188,239,161,40,19,49,99,428,9.6,0.574,0.686,0.167,3.4,12.0,7.8,12.0,1.1,1.0,11.6,10.9,1.6,1.2,2.8,0.08,-1.6,0.0,-1.6,0.2,0.5975609756097561,0.0
114,Stephen Curry,2023,PG,GSW,74,2421,650,1445,0.45,357,876,0.408,293,569,0.515,0.573,299,324,0.923,37,293,330,379,54,28,210,117,1956,20.6,0.616,0.606,0.224,1.7,12.9,7.4,24.7,1.1,1.0,11.7,31.3,5.2,2.0,7.2,0.142,6.3,-1.1,5.2,4.4,0.5609756097560976,3.0
116,Anthony Davis,2023,C,LAL,76,2700,713,1283,0.556,29,107,0.271,684,1176,0.582,0.567,421,516,0.816,239,722,961,266,91,178,159,177,1876,25.8,0.621,0.083,0.402,10.4,28.3,19.8,15.5,1.6,5.7,9.5,26.7,7.2,4.7,11.8,0.21,3.5,1.7,5.1,4.9,0.573170731707317,2.0
120,DeMar DeRozan,2023,SF,CHI,79,2989,650,1355,0.48,75,225,0.333,575,1130,0.509,0.507,522,612,0.853,43,297,340,421,90,45,135,161,1897,19.7,0.584,0.166,0.452,1.6,11.3,6.4,21.8,1.5,1.5,7.7,25.8,7.0,2.2,9.2,0.147,2.1,-0.3,1.8,2.8,0.4756097560975609,0.0
126,Spencer Dinwiddie,2023,PG,TOT,76,2152,251,640,0.392,124,368,0.337,127,272,0.467,0.489,169,210,0.805,30,175,205,356,51,22,91,138,795,11.7,0.543,0.575,0.328,1.5,9.0,5.2,22.7,1.2,0.9,11.1,16.6,2.3,1.3,3.6,0.081,-1.3,-0.6,-1.9,0.1,,0.0
127,Donte DiVincenzo,2023,SG,NYK,81,2360,445,1004,0.443,283,705,0.401,162,299,0.542,0.584,86,114,0.754,63,234,297,216,107,36,113,166,1259,16.0,0.597,0.702,0.114,3.0,11.2,7.1,13.7,2.3,1.4,9.7,21.3,3.6,3.0,6.6,0.135,2.5,0.9,3.4,3.2,0.6097560975609756,0.0
128,Luka Dončić,2023,PG,DAL,70,2624,804,1652,0.487,284,744,0.382,520,908,0.573,0.573,478,608,0.786,59,588,647,686,99,38,282,149,2370,28.1,0.617,0.45,0.368,2.5,24.4,13.5,44.3,1.8,1.3,12.8,36.0,8.5,3.5,12.0,0.22,8.3,1.7,9.9,8.0,0.6097560975609756,1.0
129,Luguentz Dort,2023,SF,OKC,79,2246,288,657,0.438,156,396,0.394,132,261,0.506,0.557,128,155,0.826,74,210,284,113,72,47,74,228,860,11.1,0.593,0.603,0.236,3.8,10.0,7.0,6.3,1.5,1.9,9.3,15.4,2.0,2.5,4.6,0.097,-1.4,-0.2,-1.6,0.2,0.6951219512195121,0.0
130,Ayo Dosunmu,2023,SG,CHI,76,2212,360,719,0.501,119,295,0.403,241,424,0.568,0.583,85,105,0.81,54,162,216,242,68,36,103,166,924,13.4,0.604,0.41,0.146,2.7,8.3,5.5,15.6,1.5,1.7,11.9,17.2,2.6,1.5,4.1,0.089,-0.6,-0.2,-0.8,0.7,0.4756097560975609,0.0
133,Andre Drummond,2023,C,CHI,79,1351,267,480,0.556,0,3,0.0,267,477,0.56,0.556,129,218,0.592,265,443,708,37,73,48,81,140,663,23.0,0.576,0.006,0.454,21.5,37.4,29.3,4.1,2.7,3.6,12.3,21.3,2.3,2.6,4.9,0.175,0.8,-0.7,0.1,0.7,0.4756097560975609,0.0
136,Kris Dunn,2023,PG,UTA,66,1249,147,313,0.47,41,111,0.369,106,202,0.525,0.535,22,32,0.688,50,139,189,254,68,28,79,135,357,12.8,0.546,0.355,0.102,4.4,12.2,8.3,27.1,2.6,2.0,19.5,13.6,1.1,0.9,2.0,0.076,-1.5,1.4,-0.1,0.6,0.3780487804878049,0.0
137,Kevin Durant,2023,PF,PHO,75,2791,751,1436,0.523,168,407,0.413,583,1029,0.567,0.581,362,423,0.856,41,454,495,378,69,91,244,133,2032,21.2,0.626,0.283,0.295,1.7,17.5,10.0,22.2,1.2,2.9,13.1,29.0,5.1,3.2,8.3,0.142,4.0,0.1,4.0,4.3,,2.0
140,Anthony Edwards,2023,SG,MIN,79,2770,718,1558,0.461,190,532,0.357,528,1026,0.515,0.522,423,506,0.836,52,378,430,405,101,42,241,141,2049,19.7,0.575,0.341,0.325,2.2,14.8,8.8,24.6,1.8,1.3,11.9,32.3,2.9,4.7,7.5,0.13,2.7,0.5,3.3,3.7,0.6829268292682927,2.0
144,Drew Eubanks,2023,C,PHO,75,1169,152,253,0.601,3,3,1.0,149,250,0.596,0.607,72,93,0.774,103,219,322,63,27,61,61,115,379,14.4,0.645,0.012,0.368,10.5,20.1,15.6,7.2,1.1,4.6,17.2,13.2,1.6,1.6,3.1,0.129,-2.0,0.8,-1.2,0.2,,0.0
148,Dorian Finney-Smith,2023,PF,BRK,68,1934,215,511,0.421,117,336,0.348,98,175,0.56,0.535,33,46,0.717,109,208,317,107,56,38,59,150,580,10.1,0.546,0.658,0.09,6.0,12.1,9.0,7.6,1.4,1.8,10.0,13.2,1.0,1.6,2.6,0.065,-2.0,-0.1,-2.0,0.0,,0.0
150,Malachi Flynn,2023,PG,TOT,69,876,136,325,0.418,56,169,0.331,80,156,0.513,0.505,52,71,0.732,21,93,114,130,38,8,63,66,380,11.9,0.533,0.52,0.218,2.6,12.0,7.2,21.1,2.1,0.8,15.0,20.4,-0.1,0.6,0.5,0.029,-2.0,-0.2,-2.2,0.0,,0.0
151,Simone Fontecchio,2023,SF,TOT,66,1644,252,548,0.46,134,334,0.401,118,214,0.551,0.582,54,66,0.818,64,182,246,101,44,23,68,110,692,12.1,0.6,0.609,0.12,4.3,12.2,8.3,8.7,1.3,1.2,10.5,16.5,1.5,0.6,2.1,0.061,0.0,-1.0,-1.0,0.4,,0.0
155,De'Aaron Fox,2023,PG,SAC,74,2659,720,1549,0.465,214,580,0.369,506,969,0.522,0.534,312,423,0.738,67,273,340,418,150,31,194,193,1966,20.1,0.567,0.374,0.273,2.8,11.8,7.2,25.2,2.7,1.1,10.1,31.0,3.3,3.2,6.5,0.117,2.6,0.1,2.7,3.2,0.5609756097560976,0.0
161,Daniel Gafford,2023,C-PF,TOT,74,1815,348,480,0.725,0,0,,348,480,0.725,0.725,118,175,0.674,195,367,562,115,65,153,74,227,814,21.7,0.731,0.0,0.365,11.4,22.1,16.7,9.1,1.7,7.1,11.7,14.7,5.2,2.5,7.8,0.205,0.7,1.9,2.6,2.1,,0.0
167,Keyonte George,2023,PG,UTA,75,2023,319,815,0.391,147,440,0.334,172,375,0.459,0.482,189,223,0.848,15,196,211,332,36,7,188,91,974,10.4,0.533,0.54,0.274,0.8,10.6,5.7,23.1,0.9,0.3,17.1,22.8,-0.4,0.1,-0.3,-0.008,-1.5,-2.9,-4.4,-1.2,0.3780487804878049,0.0
168,Paul George,2023,PF,LAC,74,2502,582,1236,0.471,243,588,0.413,339,648,0.523,0.569,264,291,0.907,37,351,388,262,113,37,153,202,1671,19.3,0.613,0.476,0.235,1.7,15.3,8.8,16.1,2.2,1.3,10.1,26.6,4.4,2.8,7.3,0.14,2.9,0.2,3.2,3.3,0.6219512195121951,0.0
170,Josh Giddey,2023,SG,OKC,80,2011,402,847,0.475,82,243,0.337,320,604,0.53,0.523,100,124,0.806,111,403,514,386,51,44,168,111,986,16.6,0.547,0.287,0.146,6.4,21.5,14.2,26.6,1.2,2.0,15.7,23.1,1.4,2.9,4.3,0.102,1.0,0.4,1.5,1.8,0.6951219512195121,0.0
172,Shai Gilgeous-Alexander,2023,PG,OKC,75,2553,796,1487,0.535,95,269,0.353,701,1218,0.576,0.567,567,649,0.874,65,350,415,465,150,67,162,184,2254,29.3,0.636,0.181,0.436,3.0,14.7,9.1,29.8,2.8,2.4,8.4,32.8,10.5,4.2,14.6,0.275,6.7,2.3,9.0,7.1,0.6951219512195121,1.0
176,Rudy Gobert,2023,C,MIN,76,2593,406,614,0.661,0,3,0.0,406,611,0.664,0.661,249,390,0.638,285,697,982,102,52,162,118,238,1061,19.3,0.675,0.005,0.635,13.1,29.2,21.5,5.6,1.0,5.5,13.1,15.4,5.8,5.8,11.6,0.216,0.1,1.7,1.8,2.5,0.6829268292682927,0.0
178,Aaron Gordon,2023,PF,DEN,73,2297,398,716,0.556,40,138,0.29,358,578,0.619,0.584,177,269,0.658,174,297,471,259,56,45,105,142,1013,16.8,0.607,0.193,0.376,8.6,13.9,11.4,15.2,1.2,1.7,11.2,17.8,4.5,2.6,7.1,0.148,1.2,0.1,1.3,1.9,0.6951219512195121,0.0
179,Eric Gordon,2023,SG,PHO,68,1893,274,618,0.443,150,397,0.378,124,221,0.561,0.565,51,64,0.797,16,106,122,139,66,30,73,79,749,10.8,0.58,0.642,0.104,1.0,6.0,3.6,10.0,1.7,1.4,10.2,16.5,1.0,1.5,2.5,0.063,-1.3,-0.5,-1.7,0.1,,0.0
186,Jalen Green,2023,SG,HOU,82,2601,563,1332,0.423,201,605,0.332,362,727,0.498,0.498,283,352,0.804,41,382,423,291,66,28,191,115,1610,14.7,0.541,0.454,0.264,1.7,15.9,8.7,17.3,1.2,1.0,11.4,27.4,0.2,2.9,3.1,0.056,0.4,-0.9,-0.5,1.0,0.5,0.0
188,Jeff Green,2023,PF,HOU,78,1307,167,366,0.456,53,160,0.331,114,206,0.553,0.529,122,149,0.819,46,132,178,70,16,31,46,100,509,11.3,0.59,0.437,0.407,3.7,10.9,7.3,7.3,0.6,2.2,9.6,15.5,1.4,1.2,2.6,0.095,-1.6,-0.4,-2.1,0.0,0.5,0.0
194,Rui Hachimura,2023,PF,LAL,68,1826,363,676,0.537,98,232,0.422,265,444,0.597,0.609,99,134,0.739,58,236,294,81,41,25,46,101,923,15.0,0.628,0.343,0.198,3.7,13.7,8.9,6.3,1.1,1.2,5.9,18.5,2.7,1.5,4.1,0.108,0.0,-0.9,-0.9,0.5,0.573170731707317,0.0
196,Tyrese Haliburton,2023,PG,IND,69,2224,500,1048,0.477,195,535,0.364,305,513,0.595,0.57,194,227,0.855,35,236,271,752,83,48,159,75,1389,23.3,0.605,0.51,0.217,1.8,12.0,6.9,44.9,1.8,1.7,12.2,24.6,7.6,1.5,9.0,0.195,7.3,-0.4,6.9,5.0,0.573170731707317,3.0
198,Tim Hardaway Jr.,2023,SF,DAL,79,2120,392,976,0.402,211,597,0.353,181,379,0.478,0.51,144,169,0.852,22,232,254,139,42,6,69,106,1139,12.1,0.542,0.612,0.173,1.1,11.9,6.5,9.2,1.0,0.2,6.2,22.6,0.8,1.4,2.2,0.05,-0.8,-2.1,-2.9,-0.5,0.6097560975609756,0.0
199,James Harden,2023,PG,LAC,72,2470,352,822,0.428,186,488,0.381,166,334,0.497,0.541,302,344,0.878,34,335,369,614,77,57,185,127,1192,18.6,0.612,0.594,0.418,1.6,14.8,8.4,33.6,1.5,2.1,16.0,20.6,5.9,2.5,8.4,0.163,3.8,0.3,4.1,3.8,0.6219512195121951,0.0
200,Jaden Hardy,2023,SG,DAL,73,989,195,479,0.407,81,224,0.362,114,255,0.447,0.492,59,76,0.776,20,111,131,109,22,4,62,80,530,11.2,0.517,0.468,0.159,2.2,12.2,7.2,15.7,1.1,0.4,10.8,24.9,-0.4,0.7,0.3,0.014,-2.0,-2.1,-4.1,-0.5,0.6097560975609756,0.0
205,Tobias Harris,2023,PF,PHI,70,2368,463,951,0.487,91,258,0.353,372,693,0.537,0.535,187,213,0.878,80,373,453,217,70,46,93,115,1204,16.5,0.576,0.271,0.224,3.7,17.7,10.6,13.8,1.5,1.8,8.2,20.7,3.2,2.7,5.9,0.121,1.0,-0.1,0.9,1.7,0.573170731707317,0.0
207,Josh Hart,2023,SF,NYK,81,2707,295,679,0.434,80,258,0.31,215,421,0.511,0.493,91,115,0.791,128,547,675,331,75,23,118,171,761,11.8,0.522,0.38,0.169,5.3,22.8,14.0,16.3,1.4,0.8,13.9,13.5,2.0,3.6,5.7,0.1,-1.3,1.4,0.0,1.4,0.6097560975609756,0.0
208,Isaiah Hartenstein,2023,C,NYK,75,1896,235,365,0.644,1,3,0.333,234,362,0.646,0.645,111,157,0.707,244,382,626,188,87,85,93,210,582,18.9,0.67,0.008,0.43,14.4,22.7,18.5,13.5,2.3,4.2,17.6,12.0,4.6,3.5,8.1,0.204,0.7,2.8,3.5,2.6,0.6097560975609756,0.0
209,Sam Hauser,2023,SF,BOS,79,1741,249,558,0.446,197,465,0.424,52,93,0.559,0.623,17,19,0.895,45,231,276,82,40,25,32,99,712,13.0,0.629,0.833,0.034,2.9,13.7,8.6,6.2,1.1,1.3,5.3,15.0,2.7,2.1,4.9,0.134,1.2,0.0,1.2,1.4,0.7804878048780488,0.0
210,Jordan Hawkins,2023,SG,NOP,67,1160,174,456,0.382,109,298,0.366,65,158,0.411,0.501,67,80,0.838,29,119,148,70,19,7,40,72,524,10.2,0.533,0.654,0.175,2.8,11.3,7.1,8.2,0.8,0.6,7.5,19.9,0.3,1.0,1.3,0.053,-1.3,-1.7,-3.1,-0.3,0.5975609756097561,0.0
211,Jaxson Hayes,2023,C,LAL,70,877,126,175,0.72,0,8,0.0,126,167,0.754,0.72,51,82,0.622,69,142,211,33,34,29,43,123,303,14.0,0.718,0.046,0.469,9.2,17.1,13.4,5.0,1.8,2.9,16.9,12.5,1.4,1.1,2.5,0.135,-2.8,0.9,-1.9,0.0,0.573170731707317,0.0
217,Buddy Hield,2023,SF-SG,TOT,84,2160,371,850,0.436,219,568,0.386,152,282,0.539,0.565,52,59,0.881,61,208,269,236,70,42,103,169,1013,13.3,0.578,0.668,0.069,3.1,10.9,7.0,14.5,1.6,1.6,10.5,19.2,1.9,1.6,3.5,0.077,1.0,-0.6,0.4,1.3,,0.0
218,Haywood Highsmith,2023,PF,MIA,66,1366,153,329,0.465,76,192,0.396,77,137,0.562,0.581,23,36,0.639,65,145,210,70,53,30,34,117,405,11.1,0.587,0.584,0.109,5.3,12.1,8.7,7.2,1.9,2.1,9.0,12.4,1.1,1.9,3.1,0.108,-1.8,1.1,-0.7,0.5,0.5609756097560976,0.0
221,Aaron Holiday,2023,PG,HOU,78,1269,186,417,0.446,84,217,0.387,102,200,0.51,0.547,58,63,0.921,23,100,123,140,42,6,53,125,514,11.5,0.578,0.52,0.151,1.9,8.5,5.2,15.4,1.6,0.4,10.6,16.7,1.3,1.2,2.5,0.094,-1.8,0.3,-1.5,0.2,0.5,0.0
222,Jrue Holiday,2023,PG,BOS,69,2263,331,689,0.48,138,322,0.429,193,367,0.526,0.581,60,72,0.833,84,289,373,333,61,53,124,108,860,14.4,0.597,0.467,0.104,4.2,13.2,8.9,19.3,1.3,2.1,14.7,16.3,3.3,3.0,6.3,0.133,1.0,1.1,2.1,2.4,0.7804878048780488,0.0
225,Chet Holmgren,2023,C,OKC,82,2413,505,953,0.53,129,349,0.37,376,604,0.623,0.598,218,275,0.793,129,519,648,200,53,190,131,197,1357,20.4,0.632,0.366,0.289,6.2,23.1,15.0,11.6,1.1,7.3,10.9,21.6,4.6,4.4,8.9,0.178,1.8,1.5,3.4,3.3,0.6951219512195121,0.0
227,Al Horford,2023,C,BOS,65,1740,214,419,0.511,108,258,0.419,106,161,0.658,0.64,26,30,0.867,82,331,413,168,38,62,48,93,562,15.0,0.65,0.616,0.072,5.3,19.7,12.8,12.3,1.1,3.1,10.0,12.0,3.5,2.7,6.2,0.172,1.7,2.0,3.6,2.5,0.7804878048780488,0.0
237,Joe Ingles,2023,SF,ORL,68,1169,99,227,0.436,70,161,0.435,29,66,0.439,0.59,28,34,0.824,18,124,142,203,43,5,67,88,296,10.6,0.612,0.709,0.15,1.8,12.6,7.1,23.0,1.8,0.4,21.7,11.6,1.1,1.5,2.6,0.108,-1.7,1.2,-0.5,0.5,0.573170731707317,0.0
241,Jaden Ivey,2023,SG,DET,77,2217,417,973,0.429,124,369,0.336,293,604,0.485,0.492,227,303,0.749,86,178,264,296,57,41,190,204,1185,12.4,0.536,0.379,0.311,4.3,9.1,6.6,20.2,1.2,1.6,14.7,24.9,-0.5,1.0,0.5,0.01,-1.4,-1.7,-3.1,-0.6,0.1707317073170731,0.0
245,Jaren Jackson Jr.,2023,C,MEM,66,2124,516,1162,0.444,117,366,0.32,399,796,0.501,0.494,337,417,0.808,85,280,365,154,80,106,160,235,1486,17.4,0.552,0.315,0.359,4.2,15.0,9.4,13.1,1.8,4.7,10.6,30.4,0.2,2.8,3.0,0.067,0.0,0.4,0.4,1.3,0.3292682926829268,0.0
248,Reggie Jackson,2023,PG,DEN,82,1817,326,756,0.431,102,284,0.359,224,472,0.475,0.499,79,98,0.806,33,122,155,308,44,13,106,149,833,11.7,0.521,0.376,0.13,2.1,7.2,4.7,23.0,1.2,0.6,11.7,21.7,0.6,1.5,2.1,0.056,-1.8,-1.5,-3.2,-0.6,0.6951219512195121,0.0
249,Trayce Jackson-Davis,2023,PF,GSW,68,1130,233,332,0.702,0,1,0.0,233,331,0.704,0.702,74,132,0.561,135,206,341,82,29,76,49,108,540,21.6,0.692,0.003,0.398,13.1,19.4,16.3,10.4,1.2,6.1,11.2,16.4,3.2,1.6,4.8,0.205,1.5,1.2,2.8,1.4,0.5609756097560976,0.0
250,LeBron James,2023,PF,LAL,71,2504,685,1269,0.54,149,363,0.41,536,906,0.592,0.599,303,404,0.75,61,457,518,589,89,38,245,78,1822,23.7,0.63,0.286,0.318,2.8,19.3,11.5,37.5,1.7,1.3,14.5,29.2,5.7,2.8,8.5,0.164,5.5,0.9,6.5,5.4,0.573170731707317,3.0
251,Jaime Jaquez Jr.,2023,SF,MIA,75,2113,341,697,0.489,65,202,0.322,276,495,0.558,0.536,142,175,0.811,82,203,285,195,77,20,110,167,889,12.9,0.574,0.29,0.251,4.4,11.0,7.6,13.9,1.8,0.9,12.4,18.7,1.4,2.7,4.0,0.092,-2.2,0.3,-1.9,0.1,0.5609756097560976,0.0
256,Isaiah Joe,2023,SG,OKC,78,1445,222,485,0.458,147,353,0.416,75,132,0.568,0.609,45,52,0.865,32,148,180,99,46,22,47,87,636,13.4,0.626,0.728,0.107,2.6,11.0,6.9,8.9,1.5,1.4,8.5,16.6,1.9,1.6,3.5,0.116,1.1,-0.3,0.9,1.0,0.6951219512195121,0.0
260,Keldon Johnson,2023,SF,SAS,69,2038,391,862,0.454,127,367,0.346,264,495,0.533,0.527,175,221,0.792,95,282,377,195,51,20,100,149,1084,14.2,0.565,0.426,0.256,5.0,15.1,10.0,14.2,1.2,0.8,9.4,21.9,1.5,1.5,3.0,0.071,-0.3,-1.4,-1.7,0.2,0.2682926829268293,0.0
263,Nikola Jokić,2023,C,DEN,79,2737,822,1411,0.583,83,231,0.359,739,1180,0.626,0.612,358,438,0.817,223,753,976,708,108,68,237,194,2085,31.0,0.65,0.164,0.31,9.3,29.6,19.8,42.0,2.0,2.1,12.9,29.3,12.0,5.1,17.0,0.299,9.0,4.2,13.2,10.6,0.6951219512195121,1.0
266,Derrick Jones Jr.,2023,SF,DAL,76,1783,239,495,0.483,82,239,0.343,157,256,0.613,0.566,97,136,0.713,82,168,250,75,53,51,65,121,657,11.7,0.592,0.483,0.275,5.0,10.3,7.7,5.5,1.4,2.5,10.5,14.9,1.5,1.6,3.1,0.083,-1.3,-0.3,-1.5,0.2,0.6097560975609756,0.0
267,Herbert Jones,2023,SF,NOP,76,2321,293,588,0.498,114,273,0.418,179,315,0.568,0.595,137,158,0.867,74,198,272,199,105,62,93,224,837,13.2,0.636,0.464,0.269,3.6,9.4,6.5,11.3,2.2,2.6,12.4,14.1,3.3,3.0,6.3,0.131,-0.9,1.5,0.6,1.6,0.5975609756097561,0.0
269,Tre Jones,2023,PG,SAS,77,2138,303,600,0.505,64,191,0.335,239,409,0.584,0.558,101,118,0.856,58,231,289,478,78,9,116,92,771,14.7,0.591,0.318,0.197,2.9,11.8,7.3,30.8,1.7,0.3,15.1,15.2,3.4,1.6,4.9,0.111,-0.4,0.1,-0.4,0.9,0.2682926829268293,0.0
270,Tyus Jones,2023,PG,WAS,66,1933,326,666,0.489,106,256,0.414,220,410,0.537,0.569,32,40,0.8,20,159,179,485,71,18,66,48,790,16.5,0.578,0.384,0.06,1.1,9.0,5.0,34.6,1.7,0.8,8.8,16.3,3.9,0.7,4.5,0.113,1.5,-0.9,0.7,1.3,0.1829268292682926,0.0
278,Corey Kispert,2023,SF,WAS,80,2067,386,794,0.486,184,480,0.383,202,314,0.643,0.602,114,157,0.726,30,195,225,156,41,16,98,141,1070,12.8,0.62,0.605,0.198,1.5,10.3,5.8,10.7,0.9,0.6,10.2,19.6,1.7,0.4,2.1,0.048,-0.2,-2.0,-2.1,-0.1,0.1829268292682926,0.0
285,Jonathan Kuminga,2023,PF,GSW,74,1949,456,862,0.529,53,165,0.321,403,697,0.578,0.56,223,299,0.746,92,263,355,163,55,36,122,169,1188,17.0,0.598,0.191,0.347,5.2,14.4,9.8,12.5,1.4,1.7,10.9,24.1,2.7,1.9,4.6,0.113,0.0,-0.4,-0.4,0.8,0.5609756097560976,0.0
286,Kyle Kuzma,2023,PF,WAS,70,2281,608,1313,0.463,151,450,0.336,457,863,0.53,0.521,186,240,0.775,62,402,464,296,37,49,192,153,1553,15.7,0.547,0.343,0.183,2.8,19.3,10.9,20.7,0.8,1.8,11.9,29.7,-1.0,1.1,0.2,0.004,0.5,-1.6,-1.1,0.5,0.1829268292682926,0.0
293,Kawhi Leonard,2023,SF,LAC,68,2330,610,1162,0.525,140,336,0.417,470,826,0.569,0.585,253,286,0.885,84,332,416,244,111,59,119,97,1613,23.2,0.626,0.289,0.246,4.2,15.6,10.1,16.9,2.4,2.3,8.5,26.5,6.0,2.9,8.9,0.184,4.8,0.6,5.5,4.4,0.6219512195121951,2.0
294,Caris LeVert,2023,SG,CLE,68,1958,345,820,0.421,108,332,0.325,237,488,0.486,0.487,154,201,0.766,39,241,280,346,76,34,117,121,952,14.6,0.524,0.405,0.245,2.3,13.7,8.0,25.7,1.9,1.6,11.4,23.1,1.0,2.6,3.6,0.088,-0.6,0.8,0.2,1.1,0.5853658536585366,0.0
298,Damian Lillard,2023,PG,MIL,73,2579,541,1277,0.424,220,622,0.354,321,655,0.49,0.51,473,514,0.92,36,284,320,508,72,18,193,134,1775,19.6,0.59,0.487,0.403,1.6,11.8,6.8,28.8,1.3,0.6,11.4,28.4,5.8,1.9,7.7,0.143,3.4,-1.3,2.1,2.7,0.5975609756097561,0.0
304,Kevon Looney,2023,C,GSW,74,1194,139,233,0.597,0,1,0.0,139,232,0.599,0.597,56,83,0.675,143,276,419,133,28,29,50,155,334,15.1,0.62,0.004,0.356,13.1,24.6,18.9,14.2,1.1,2.2,15.6,11.3,2.5,1.6,4.0,0.162,-0.8,1.4,0.6,0.8,0.5609756097560976,0.0
305,Brook Lopez,2023,C,MIL,79,2411,366,755,0.485,148,404,0.366,218,351,0.621,0.583,110,134,0.821,117,292,409,127,43,189,79,191,990,14.8,0.608,0.535,0.177,5.4,13.0,9.3,7.1,0.9,6.7,8.8,16.0,3.1,2.8,5.9,0.117,0.2,0.8,1.0,1.8,0.5975609756097561,0.0
313,Terance Mann,2023,SG,LAC,75,1873,254,493,0.515,71,204,0.348,183,289,0.633,0.587,79,95,0.832,87,167,254,119,43,15,48,145,658,12.0,0.615,0.414,0.193,5.4,9.7,7.7,8.5,1.1,0.7,8.2,13.6,3.0,1.2,4.2,0.106,-0.8,-0.7,-1.5,0.2,0.6219512195121951,0.0
317,Naji Marshall,2023,SF,NOP,66,1257,170,367,0.463,58,150,0.387,112,217,0.516,0.542,68,86,0.791,53,187,240,128,49,12,65,91,466,12.7,0.576,0.409,0.234,4.8,16.4,10.6,13.6,1.9,0.9,13.8,16.3,1.0,1.6,2.6,0.1,-1.3,0.5,-0.7,0.4,0.5975609756097561,0.0
321,Garrison Mathews,2023,SG,ATL,66,992,103,226,0.456,85,193,0.44,18,33,0.545,0.644,34,42,0.81,17,75,92,37,20,8,19,115,325,8.9,0.665,0.854,0.186,1.8,8.6,5.1,4.8,1.0,0.7,7.2,11.1,1.4,0.2,1.6,0.077,-2.1,-0.9,-3.0,-0.2,0.4390243902439024,0.0
324,Tyrese Maxey,2023,PG,PHI,70,2626,638,1419,0.45,212,569,0.373,426,850,0.501,0.524,328,378,0.868,36,222,258,433,69,33,116,151,1816,19.8,0.573,0.401,0.266,1.5,9.5,5.4,26.7,1.3,1.1,6.8,28.0,5.9,2.1,8.1,0.147,4.1,-1.0,3.1,3.4,0.573170731707317,0.0
326,Miles McBride,2023,PG,NYK,68,1328,205,454,0.452,109,266,0.41,96,188,0.511,0.572,43,50,0.86,31,69,100,114,50,7,30,108,562,13.1,0.59,0.586,0.11,2.6,5.9,4.2,12.2,1.9,0.5,5.9,16.4,2.4,1.3,3.6,0.131,-0.4,0.4,-0.1,0.6,0.6097560975609756,0.0
327,CJ McCollum,2023,PG,NOP,66,2159,484,1055,0.459,239,557,0.429,245,498,0.492,0.572,115,139,0.827,39,247,286,305,62,41,110,126,1322,17.9,0.592,0.528,0.132,2.0,12.6,7.4,21.4,1.4,1.9,9.0,24.7,3.5,2.4,5.9,0.132,3.3,-0.3,3.1,2.8,0.5975609756097561,0.0
328,T.J. McConnell,2023,PG,IND,71,1291,330,593,0.556,18,44,0.409,312,549,0.568,0.572,49,62,0.79,36,155,191,390,72,8,108,79,727,20.9,0.586,0.074,0.105,3.2,13.6,8.4,41.8,2.6,0.5,14.8,23.7,2.8,1.1,3.9,0.143,2.9,0.1,3.0,1.6,0.573170731707317,0.0
329,Jaden McDaniels,2023,SF,MIN,72,2105,307,628,0.489,86,255,0.337,221,373,0.592,0.557,57,79,0.722,56,168,224,101,63,42,87,219,757,9.4,0.571,0.406,0.126,3.2,8.7,6.0,6.8,1.5,1.8,11.6,15.7,0.3,3.1,3.4,0.077,-3.3,0.7,-2.6,-0.3,0.6829268292682927,0.0
341,Brandon Miller,2023,SF,CHO,74,2383,476,1083,0.44,184,493,0.373,292,590,0.495,0.524,143,173,0.827,60,255,315,175,66,42,132,184,1279,13.0,0.552,0.455,0.16,2.7,12.4,7.4,11.6,1.4,1.6,10.2,23.9,-0.3,1.0,0.8,0.015,-0.9,-1.6,-2.6,-0.3,,0.0
349,Davion Mitchell,2023,PG,SAC,72,1101,146,323,0.452,57,158,0.361,89,165,0.539,0.54,30,42,0.714,19,76,95,134,17,3,43,85,379,9.3,0.555,0.489,0.13,1.9,7.9,4.8,16.0,0.7,0.2,11.2,14.9,0.8,0.6,1.3,0.059,-2.4,-1.0,-3.4,-0.4,0.5609756097560976,0.0
353,Malik Monk,2023,SG,SAC,72,1872,396,893,0.443,148,423,0.35,248,470,0.528,0.526,170,205,0.829,28,184,212,370,45,39,150,156,1110,16.0,0.564,0.474,0.23,1.6,11.3,6.3,28.9,1.2,1.9,13.2,25.9,1.9,1.6,3.5,0.09,1.5,-1.0,0.6,1.2,0.5609756097560976,0.0
354,Moses Moody,2023,SG,GSW,66,1156,194,420,0.462,72,200,0.36,122,220,0.555,0.548,73,93,0.785,65,131,196,57,42,24,44,90,533,13.7,0.578,0.476,0.221,6.2,12.1,9.2,6.7,1.8,1.9,8.7,18.4,1.2,1.2,2.4,0.101,-0.2,0.1,-0.1,0.6,0.5609756097560976,0.0
363,Dejounte Murray,2023,SG,ATL,78,2783,672,1463,0.459,201,554,0.363,471,909,0.518,0.528,208,262,0.794,62,354,416,502,111,24,201,138,1753,17.7,0.555,0.379,0.179,2.3,14.4,8.1,27.9,1.9,0.8,11.3,26.6,3.3,1.6,4.9,0.084,2.3,-0.6,1.7,2.6,0.4390243902439024,0.0
365,Keegan Murray,2023,SF,SAC,77,2588,443,975,0.454,183,511,0.358,260,464,0.56,0.548,103,124,0.831,106,314,420,129,79,59,64,205,1172,13.3,0.569,0.524,0.127,4.5,13.9,9.1,6.9,1.5,2.1,5.9,18.1,2.6,2.6,5.2,0.096,-0.4,-0.5,-0.9,0.8,0.5609756097560976,0.0
371,Andrew Nembhard,2023,PG,IND,68,1697,260,522,0.498,61,171,0.357,199,351,0.567,0.557,45,56,0.804,36,105,141,280,63,6,101,143,626,11.3,0.573,0.328,0.107,2.4,7.0,4.7,20.0,1.8,0.3,15.6,16.0,1.3,0.7,2.0,0.057,-1.6,-0.5,-2.2,-0.1,0.573170731707317,0.0
372,Aaron Nesmith,2023,SF,IND,72,1995,315,635,0.496,140,334,0.419,175,301,0.581,0.606,107,137,0.781,63,212,275,108,65,49,64,241,877,12.8,0.631,0.526,0.216,3.6,12.0,7.8,6.6,1.5,2.0,8.4,16.0,2.8,1.3,4.1,0.098,-0.3,-0.2,-0.5,0.8,0.573170731707317,0.0
373,Georges Niang,2023,PF,CLE,82,1831,284,632,0.449,149,396,0.376,135,236,0.572,0.567,51,60,0.85,22,256,278,98,30,18,72,192,768,9.9,0.583,0.627,0.095,1.4,15.5,8.5,7.5,0.8,0.9,9.9,17.6,0.5,2.0,2.4,0.064,-2.5,-0.4,-2.9,-0.4,0.5853658536585366,0.0
379,Jusuf Nurkić,2023,C,PHO,76,2078,320,627,0.51,22,90,0.244,298,537,0.555,0.528,167,261,0.64,224,613,837,301,81,80,175,254,829,17.4,0.559,0.144,0.416,12.8,31.7,22.8,19.9,1.9,3.4,19.1,19.1,2.0,3.8,5.8,0.133,-1.0,2.1,1.1,1.6,,0.0
381,Royce O'Neale,2023,SF,TOT,79,1954,214,539,0.397,156,422,0.37,58,117,0.496,0.542,24,35,0.686,60,317,377,219,59,44,73,174,608,11.1,0.548,0.783,0.065,3.4,17.9,10.7,15.0,1.5,2.0,11.6,13.9,1.3,2.1,3.4,0.085,-1.0,1.0,0.0,1.0,,0.0
385,Isaac Okoro,2023,SF,CLE,69,1887,235,480,0.49,84,215,0.391,151,265,0.57,0.577,93,137,0.679,67,139,206,132,57,34,54,140,647,11.4,0.599,0.448,0.285,4.0,8.2,6.1,9.5,1.5,1.6,9.1,13.9,2.1,2.0,4.2,0.106,-1.8,0.7,-1.1,0.4,0.5853658536585366,0.0
386,Kelly Olynyk,2023,C,TOT,78,1759,276,497,0.555,60,155,0.387,216,342,0.632,0.616,150,180,0.833,108,303,411,347,74,30,152,230,762,17.4,0.661,0.312,0.362,6.7,19.0,12.9,27.6,2.0,1.5,20.9,17.5,3.5,1.4,4.9,0.133,0.7,1.1,1.8,1.7,,0.0
388,Cedi Osman,2023,SF,SAS,72,1269,184,384,0.479,86,221,0.389,98,163,0.601,0.591,35,52,0.673,25,155,180,119,36,11,47,107,489,11.2,0.601,0.576,0.135,2.1,13.3,7.7,13.0,1.3,0.7,10.4,15.1,1.0,0.9,1.9,0.071,-1.7,-0.3,-2.1,0.0,0.2682926829268293,0.0
389,Kelly Oubre Jr.,2023,SF,PHI,68,2055,387,878,0.441,101,325,0.311,286,553,0.517,0.498,174,232,0.75,94,247,341,101,77,47,87,194,1049,13.5,0.535,0.37,0.264,5.0,13.5,9.2,7.3,1.8,2.1,8.2,22.4,0.6,2.4,3.0,0.07,-1.5,-0.7,-2.3,-0.1,0.573170731707317,0.0
391,Cameron Payne,2023,PG,TOT,78,1304,208,481,0.432,104,267,0.39,104,214,0.486,0.541,58,67,0.866,21,96,117,205,42,11,66,126,578,12.8,0.566,0.555,0.139,1.8,8.1,4.9,21.9,1.6,0.8,11.4,19.1,1.4,1.0,2.4,0.089,-0.5,-0.6,-1.1,0.3,,0.0
400,Brandin Podziemski,2023,SG,GSW,74,1968,271,597,0.454,90,234,0.385,181,363,0.499,0.529,50,79,0.633,118,309,427,273,61,14,88,122,682,13.0,0.54,0.392,0.132,6.6,16.7,11.7,18.1,1.5,0.6,12.2,15.4,2.1,2.0,4.1,0.1,-0.5,0.4,-0.1,0.9,0.5609756097560976,0.0
403,Jordan Poole,2023,SG,WAS,78,2346,490,1186,0.413,184,564,0.326,306,622,0.492,0.491,192,219,0.877,32,180,212,343,86,25,188,244,1356,12.1,0.529,0.476,0.185,1.4,8.4,4.8,21.4,1.7,0.9,12.8,26.4,-1.5,0.8,-0.6,-0.013,-2.0,-1.9,-3.9,-1.2,0.1829268292682926,0.0
406,Michael Porter Jr.,2023,SF,DEN,81,2565,522,1079,0.484,220,554,0.397,302,525,0.575,0.586,92,110,0.836,106,459,565,122,42,53,92,148,1356,15.5,0.601,0.513,0.102,4.7,19.3,12.2,6.7,0.8,1.8,7.5,20.7,3.1,3.1,6.2,0.115,1.2,-1.2,0.1,1.3,0.6951219512195121,0.0
408,Bobby Portis,2023,PF,MIL,82,2008,466,918,0.508,100,246,0.407,366,672,0.545,0.562,98,124,0.79,142,465,607,104,68,34,91,189,1130,17.5,0.581,0.268,0.135,7.9,24.8,16.6,7.8,1.6,1.4,8.6,22.9,2.1,2.6,4.7,0.112,0.0,-0.8,-0.8,0.6,0.5975609756097561,0.0
412,Norman Powell,2023,SG,LAC,76,1990,373,768,0.486,167,384,0.435,206,384,0.536,0.594,143,172,0.831,16,179,195,82,43,22,66,137,1056,13.9,0.626,0.5,0.224,0.9,9.8,5.5,5.9,1.1,1.0,7.3,20.0,2.8,1.3,4.1,0.099,0.4,-1.2,-0.8,0.6,0.6219512195121951,0.0
415,Taurean Prince,2023,PF,LAL,78,2108,253,572,0.442,141,356,0.396,112,216,0.519,0.566,50,68,0.735,21,209,230,119,58,35,73,146,697,8.8,0.579,0.622,0.119,1.2,10.5,6.1,7.2,1.3,1.4,10.8,13.8,0.3,1.7,1.9,0.043,-2.6,-0.2,-2.8,-0.4,0.573170731707317,0.0
416,Payton Pritchard,2023,PG,BOS,82,1825,297,635,0.468,147,382,0.385,150,253,0.593,0.583,46,56,0.821,70,195,265,281,39,6,61,106,787,15.3,0.597,0.602,0.088,4.3,11.1,7.8,20.7,1.1,0.3,8.5,17.2,4.2,1.9,6.1,0.16,1.3,-0.2,1.0,1.4,0.7804878048780488,0.0
420,Immanuel Quickley,2023,PG-SG,TOT,68,1985,388,894,0.434,171,433,0.395,217,461,0.471,0.53,209,245,0.853,17,242,259,331,50,10,101,119,1156,16.7,0.577,0.484,0.274,0.9,13.7,7.2,24.6,1.2,0.5,9.2,23.8,3.5,1.2,4.7,0.115,2.2,-0.9,1.3,1.7,,0.0
424,Duop Reath,2023,C,POR,68,1214,230,499,0.461,88,245,0.359,142,254,0.559,0.549,69,93,0.742,93,157,250,67,33,38,52,161,617,15.1,0.571,0.491,0.186,8.1,15.4,11.5,8.9,1.3,2.8,8.8,20.7,1.4,1.0,2.4,0.095,-0.2,-0.7,-0.9,0.3,0.2560975609756097,0.0
425,Austin Reaves,2023,SG,LAL,82,2629,457,940,0.486,154,420,0.367,303,520,0.583,0.568,232,272,0.853,57,295,352,450,66,25,174,153,1300,15.5,0.613,0.447,0.289,2.5,11.9,7.4,23.5,1.2,0.8,14.1,20.3,3.9,2.0,5.9,0.108,0.9,-0.4,0.4,1.6,0.573170731707317,0.0
427,Paul Reed,2023,C,PHI,82,1590,259,480,0.54,21,57,0.368,238,423,0.563,0.561,61,85,0.718,193,295,488,109,67,84,67,198,600,17.4,0.58,0.119,0.177,13.2,20.9,16.9,9.8,2.1,4.8,11.5,15.9,2.5,2.6,5.1,0.154,-0.6,1.0,0.4,0.9,0.573170731707317,0.0
428,Naz Reid,2023,C,MIN,81,1964,406,851,0.477,169,408,0.414,237,443,0.535,0.576,109,148,0.736,73,350,423,106,63,73,111,172,1090,16.0,0.595,0.479,0.174,4.4,19.3,12.2,8.3,1.6,3.3,10.8,23.1,1.1,3.8,4.9,0.12,0.4,1.1,1.5,1.7,0.6829268292682927,0.0
430,Nick Richards,2023,C,CHO,67,1759,260,376,0.691,0,1,0.0,260,375,0.693,0.691,132,179,0.737,172,367,539,54,26,74,73,176,652,16.7,0.717,0.003,0.476,10.7,24.2,17.2,4.5,0.7,3.9,13.8,13.3,3.8,1.3,5.1,0.14,-1.6,-0.7,-2.3,-0.1,,0.0
432,Duncan Robinson,2023,SF,MIA,68,1905,304,675,0.45,187,473,0.395,117,202,0.579,0.589,80,90,0.889,15,158,173,192,46,16,95,163,875,12.2,0.612,0.701,0.133,0.9,9.5,5.1,15.1,1.2,0.8,11.7,19.0,1.6,2.0,3.6,0.091,-0.5,-0.4,-0.9,0.6,0.5609756097560976,0.0
437,David Roddy,2023,PF,TOT,65,1177,165,409,0.403,48,164,0.293,117,245,0.478,0.462,47,68,0.691,53,158,211,80,27,11,57,72,425,8.7,0.484,0.401,0.166,4.8,15.2,9.8,10.3,1.1,0.9,11.5,18.1,-0.9,1.0,0.1,0.004,-4.0,-1.0,-5.0,-0.9,,0.0
442,D'Angelo Russell,2023,PG,LAL,76,2484,492,1080,0.456,226,545,0.415,266,535,0.497,0.56,159,192,0.828,28,208,236,482,69,36,156,156,1369,16.0,0.588,0.505,0.178,1.3,8.9,5.3,27.6,1.3,1.3,11.8,23.0,3.3,1.8,5.1,0.099,1.7,-0.8,0.9,1.8,0.573170731707317,0.0
444,Domantas Sabonis,2023,C,SAC,82,2928,634,1068,0.594,33,87,0.379,601,981,0.613,0.609,292,415,0.704,294,826,1120,673,74,48,272,250,1593,23.2,0.637,0.081,0.389,11.0,32.3,21.4,33.9,1.2,1.5,17.9,22.2,8.6,4.0,12.6,0.206,4.0,2.4,6.5,6.2,0.5609756097560976,3.0
451,Marcus Sasser,2023,PG,DET,71,1351,219,512,0.428,90,240,0.375,129,272,0.474,0.516,58,66,0.879,11,114,125,236,44,12,90,103,586,11.8,0.542,0.469,0.129,0.9,9.6,5.2,25.4,1.6,0.8,14.3,19.9,0.3,0.6,0.9,0.033,-1.5,-1.1,-2.6,-0.2,0.1707317073170731,0.0
453,Dennis Schröder,2023,PG,TOT,80,2486,403,927,0.435,138,368,0.375,265,559,0.474,0.509,178,213,0.836,39,203,242,488,63,17,153,164,1122,13.3,0.55,0.397,0.23,1.7,9.2,5.3,28.0,1.2,0.6,13.0,20.3,2.3,1.0,3.3,0.063,-0.5,-1.3,-1.8,0.1,,0.0
457,Collin Sexton,2023,SG,UTA,78,2075,506,1038,0.487,128,325,0.394,378,713,0.53,0.549,318,370,0.859,71,134,205,383,62,18,165,154,1458,19.9,0.607,0.313,0.356,3.8,7.1,5.4,29.5,1.4,0.8,12.1,27.5,5.2,0.3,5.5,0.127,3.8,-1.9,1.9,2.0,0.3780487804878049,0.0
462,Pascal Siakam,2023,PF,TOT,80,2657,681,1271,0.536,85,246,0.346,596,1025,0.581,0.569,290,396,0.732,139,426,565,342,63,25,141,193,1737,19.7,0.601,0.194,0.312,5.8,18.1,11.9,19.4,1.1,0.8,8.9,25.3,5.4,1.5,6.9,0.124,2.6,-0.7,1.9,2.7,,0.0
475,Jabari Smith Jr.,2023,PF,HOU,76,2424,378,833,0.454,138,380,0.363,240,453,0.53,0.537,150,185,0.811,139,477,616,121,52,61,89,200,1044,13.8,0.571,0.456,0.222,6.1,21.3,13.6,7.1,1.0,2.3,8.9,17.6,2.4,3.2,5.6,0.111,-0.5,0.1,-0.4,1.0,0.5,0.0
479,Jeremy Sochan,2023,PF,SAS,74,2193,340,776,0.438,70,227,0.308,270,549,0.492,0.483,111,144,0.771,137,339,476,249,62,40,140,168,861,11.4,0.513,0.293,0.186,6.7,16.9,11.7,16.0,1.3,1.5,14.3,18.8,-0.5,1.9,1.4,0.03,-2.8,-0.6,-3.4,-0.8,0.2682926829268293,0.0
485,Max Strus,2023,SF,CLE,70,2239,304,728,0.418,168,479,0.351,136,249,0.546,0.533,77,97,0.794,66,272,338,283,64,29,112,170,853,11.7,0.553,0.658,0.133,3.4,13.5,8.5,17.3,1.4,1.2,12.7,17.4,1.2,2.6,3.9,0.083,-1.1,0.5,-0.6,0.8,0.5853658536585366,0.0
486,Jalen Suggs,2023,SG,ORL,75,2025,336,714,0.471,153,385,0.397,183,329,0.556,0.578,118,156,0.756,48,181,229,205,106,47,132,205,943,14.1,0.602,0.539,0.218,2.8,10.6,6.6,15.0,2.6,2.2,14.4,19.7,1.5,3.2,4.7,0.112,-0.6,1.6,1.0,1.5,0.573170731707317,0.0
488,Jae'Sean Tate,2023,SF,HOU,65,1031,108,229,0.472,23,77,0.299,85,152,0.559,0.522,26,39,0.667,61,136,197,64,42,15,37,137,265,9.3,0.538,0.336,0.17,6.3,14.3,10.2,8.2,2.0,1.3,13.1,11.7,0.4,1.3,1.8,0.082,-3.7,1.5,-2.3,-0.1,0.5,0.0
489,Jayson Tatum,2023,PF,BOS,74,2645,672,1426,0.471,229,609,0.376,443,817,0.542,0.552,414,497,0.833,67,534,601,364,75,43,188,145,1987,22.3,0.604,0.427,0.349,2.9,20.9,12.3,21.0,1.4,1.4,10.3,30.2,6.4,4.1,10.4,0.189,4.5,0.6,5.1,4.7,0.7804878048780488,1.0
494,Cam Thomas,2023,SG,BRK,66,2075,526,1190,0.442,144,396,0.364,382,794,0.481,0.503,286,334,0.856,28,186,214,192,45,16,124,138,1482,16.1,0.554,0.333,0.281,1.4,10.1,5.6,15.7,1.1,0.7,8.5,30.5,1.3,1.2,2.5,0.058,0.7,-1.9,-1.2,0.4,,0.0
498,Klay Thompson,2023,SF,GSW,77,2284,490,1133,0.432,268,692,0.387,222,441,0.503,0.551,127,137,0.927,35,219,254,176,50,35,117,127,1375,13.9,0.576,0.611,0.121,1.7,10.2,6.0,11.2,1.1,1.4,8.9,24.2,1.8,1.7,3.6,0.075,1.1,-1.5,-0.4,0.9,0.5609756097560976,0.0
501,Matisse Thybulle,2023,SF,POR,65,1487,126,317,0.397,80,231,0.346,46,86,0.535,0.524,22,29,0.759,30,106,136,90,113,49,40,93,354,10.4,0.537,0.729,0.091,2.1,8.5,5.1,8.3,3.8,3.0,10.8,10.6,0.4,1.8,2.2,0.072,-2.8,3.4,0.6,0.9,0.2560975609756097,0.0
504,Obi Toppin,2023,PF,IND,82,1730,332,579,0.573,102,253,0.403,230,326,0.706,0.661,77,100,0.77,85,235,320,128,47,43,69,143,843,16.5,0.677,0.437,0.173,5.6,15.4,10.5,9.4,1.3,2.0,10.0,16.8,3.6,1.1,4.8,0.132,1.8,-0.3,1.5,1.5,0.573170731707317,0.0
507,Gary Trent Jr.,2023,SG,TOR,71,1994,361,847,0.426,178,453,0.393,183,394,0.464,0.531,74,96,0.771,25,163,188,119,77,10,47,96,974,12.0,0.548,0.535,0.113,1.4,9.2,5.2,8.6,1.9,0.4,5.0,20.0,0.8,0.9,1.7,0.04,-1.2,-1.4,-2.6,-0.3,0.3048780487804878,0.0
510,Myles Turner,2023,C,IND,77,2076,476,909,0.524,116,324,0.358,360,585,0.615,0.587,245,317,0.773,113,420,533,100,39,144,109,232,1313,19.3,0.626,0.356,0.349,6.2,22.9,14.5,6.4,0.9,5.5,9.4,23.4,3.6,2.2,5.8,0.134,1.0,-0.1,0.9,1.5,0.573170731707317,0.0
513,Jonas Valančiūnas,2023,C,NOP,82,1925,402,719,0.559,37,120,0.308,365,599,0.609,0.585,161,205,0.785,186,535,721,173,32,68,111,218,1002,19.8,0.619,0.167,0.285,10.9,30.6,20.9,13.3,0.8,3.5,12.1,20.8,3.9,3.1,7.1,0.177,0.7,0.5,1.2,1.6,0.5975609756097561,0.0
515,Fred VanVleet,2023,PG,HOU,73,2684,423,1018,0.416,227,586,0.387,196,432,0.454,0.527,197,229,0.86,33,245,278,589,101,59,126,183,1270,16.7,0.568,0.576,0.225,1.3,9.9,5.6,31.1,1.8,2.0,10.1,19.7,5.3,3.1,8.4,0.15,2.6,0.8,3.4,3.6,0.5,0.0
516,Devin Vassell,2023,SG,SAS,68,2248,498,1056,0.472,166,446,0.372,332,610,0.544,0.55,161,201,0.801,27,234,261,277,73,23,108,74,1323,15.7,0.578,0.422,0.19,1.3,11.3,6.3,19.1,1.5,0.8,8.6,23.5,2.0,1.6,3.6,0.077,0.9,-0.9,0.0,1.1,0.2682926829268293,0.0
519,Nikola Vučević,2023,C,CHI,76,2610,586,1211,0.484,92,313,0.294,494,898,0.55,0.522,106,129,0.822,210,591,801,254,50,60,120,190,1370,17.7,0.54,0.258,0.107,8.8,25.8,17.1,15.2,1.0,2.4,8.6,23.3,2.7,2.8,5.4,0.1,0.8,-0.7,0.1,1.4,0.4756097560975609,0.0
522,Franz Wagner,2023,SF,ORL,72,2337,528,1096,0.482,94,334,0.281,434,762,0.57,0.525,271,319,0.85,72,309,381,269,76,28,137,168,1421,17.6,0.575,0.305,0.291,3.6,15.7,9.6,18.8,1.6,1.1,10.0,25.7,3.1,3.2,6.4,0.131,0.9,0.3,1.2,1.9,0.573170731707317,0.0
523,Moritz Wagner,2023,C,ORL,80,1415,332,552,0.601,38,115,0.33,294,437,0.673,0.636,166,204,0.814,117,230,347,96,39,21,97,160,868,20.6,0.676,0.208,0.37,9.6,19.3,14.4,11.2,1.4,1.4,13.1,22.8,3.5,2.0,5.6,0.188,1.7,0.3,2.0,1.4,0.573170731707317,0.0
525,Jabari Walker,2023,SF,POR,72,1700,234,509,0.46,41,139,0.295,193,370,0.522,0.5,129,171,0.754,151,357,508,71,42,22,66,173,638,13.0,0.546,0.273,0.336,9.4,25.0,16.7,6.2,1.2,1.2,10.2,16.3,1.4,1.6,2.9,0.083,-2.4,-0.9,-3.3,-0.6,0.2560975609756097,0.0
528,Cason Wallace,2023,SG,OKC,82,1692,217,442,0.491,98,234,0.419,119,208,0.572,0.602,29,37,0.784,52,135,187,120,76,37,45,129,561,12.0,0.612,0.529,0.084,3.6,8.6,6.2,8.9,2.2,2.0,8.9,12.9,1.9,2.1,4.0,0.115,-0.9,1.0,0.1,0.9,0.6951219512195121,0.0
531,P.J. Washington,2023,PF,TOT,73,2221,354,811,0.436,132,413,0.32,222,398,0.558,0.518,99,145,0.683,85,326,411,141,72,59,96,169,939,12.2,0.537,0.509,0.179,4.2,16.5,10.3,9.3,1.6,2.4,9.9,19.1,0.0,1.9,1.9,0.04,-1.7,-0.4,-2.1,-0.1,,0.0
536,Peyton Watson,2023,SF,DEN,80,1488,208,447,0.465,45,152,0.296,163,295,0.553,0.516,71,106,0.67,56,202,258,86,42,88,58,143,532,11.8,0.539,0.34,0.237,4.3,14.6,9.6,7.4,1.4,5.0,10.5,16.2,0.3,2.2,2.5,0.079,-3.0,0.8,-2.2,-0.1,0.6951219512195121,0.0
537,Victor Wembanyama,2023,C,SAS,71,2106,551,1186,0.465,128,394,0.325,423,792,0.534,0.519,292,367,0.796,161,594,755,274,88,254,260,153,1522,23.1,0.565,0.332,0.309,8.2,30.7,19.4,21.5,2.0,10.0,16.2,32.2,-0.7,4.4,3.7,0.085,1.9,3.3,5.2,3.8,0.2682926829268293,0.0
539,Russell Westbrook,2023,PG,LAC,68,1529,301,663,0.454,42,154,0.273,259,509,0.509,0.486,110,160,0.688,93,250,343,306,74,23,144,121,754,16.2,0.514,0.232,0.241,7.1,17.8,12.7,29.2,2.4,1.4,16.4,25.2,0.2,1.9,2.1,0.066,-0.2,0.7,0.5,1.0,0.6219512195121951,0.0
540,Coby White,2023,PG,CHI,79,2881,541,1209,0.447,209,556,0.376,332,653,0.508,0.534,218,260,0.838,44,314,358,405,53,18,166,186,1509,14.5,0.57,0.46,0.215,1.7,12.4,6.9,20.8,0.9,0.6,11.1,22.7,3.1,1.6,4.7,0.078,0.7,-1.3,-0.7,0.9,0.4756097560975609,0.0
541,Derrick White,2023,SG,BOS,73,2381,387,839,0.461,196,495,0.396,191,344,0.555,0.578,137,152,0.901,51,259,310,377,74,87,112,152,1107,16.9,0.611,0.59,0.181,2.4,11.3,7.0,21.2,1.5,3.2,11.0,18.6,5.2,3.3,8.5,0.171,2.4,1.4,3.8,3.5,0.7804878048780488,0.0
544,Aaron Wiggins,2023,SG,OKC,78,1228,212,377,0.562,62,126,0.492,150,251,0.598,0.645,56,71,0.789,60,126,186,86,56,19,56,91,542,15.6,0.664,0.334,0.188,5.7,11.0,8.4,9.3,2.2,1.4,12.1,16.4,2.1,1.6,3.7,0.144,0.4,0.4,0.7,0.8,0.6951219512195121,0.0
545,Andrew Wiggins,2023,SF,GSW,71,1920,353,780,0.453,91,254,0.358,262,526,0.498,0.511,142,189,0.751,108,213,321,119,42,41,87,147,939,12.7,0.544,0.326,0.242,6.2,11.8,9.0,8.6,1.1,1.9,9.2,20.9,1.2,1.6,2.8,0.07,-1.4,-1.2,-2.5,-0.3,0.5609756097560976,0.0
549,Grant Williams,2023,PF,TOT,76,2130,276,605,0.456,126,336,0.375,150,269,0.558,0.56,106,140,0.757,86,232,318,174,44,39,109,226,784,10.6,0.588,0.555,0.231,4.4,12.2,8.3,11.3,1.0,1.6,14.1,15.9,1.3,1.3,2.6,0.059,-1.9,-0.7,-2.6,-0.3,,0.0
550,Jalen Williams,2023,PF,OKC,71,2223,536,993,0.54,103,241,0.427,433,752,0.576,0.592,180,221,0.814,37,245,282,322,80,45,123,175,1355,19.1,0.621,0.243,0.223,1.9,11.8,7.1,21.3,1.7,1.9,10.1,23.7,4.5,2.7,7.3,0.157,2.0,0.3,2.3,2.4,0.6951219512195121,0.0
551,Jaylin Williams,2023,C,OKC,69,897,95,228,0.417,53,144,0.368,42,84,0.5,0.533,33,41,0.805,36,198,234,110,28,27,34,98,276,12.7,0.561,0.632,0.18,4.7,23.7,14.5,15.0,1.5,2.8,12.1,13.5,1.0,1.5,2.4,0.13,-0.8,1.9,1.1,0.7,0.6951219512195121,0.0
553,Kenrich Williams,2023,PF,OKC,69,1029,131,280,0.468,56,141,0.397,75,139,0.54,0.568,7,14,0.5,61,148,209,93,38,9,32,101,325,11.9,0.568,0.504,0.05,6.9,15.4,11.3,11.4,1.8,0.8,10.1,13.4,1.1,1.3,2.5,0.115,-1.1,0.3,-0.8,0.3,0.6951219512195121,0.0
560,Zion Williamson,2023,PF,NOP,70,2207,624,1094,0.57,6,18,0.333,618,1076,0.574,0.573,347,494,0.702,122,284,406,352,77,47,193,159,1601,22.8,0.61,0.016,0.452,6.2,14.2,10.2,26.5,1.7,2.1,12.8,29.7,4.7,2.8,7.5,0.164,3.3,0.6,3.8,3.3,0.5975609756097561,0.0
572,Ivica Zubac,2023,C,LAC,68,1794,337,519,0.649,0,0,,337,519,0.649,0.649,120,166,0.723,196,430,626,93,22,83,79,180,794,19.3,0.671,0.0,0.32,12.8,26.2,19.7,7.5,0.6,4.2,11.8,16.4,4.5,2.3,6.8,0.182,0.8,0.0,0.8,1.3,0.6219512195121951,0.0
